{"v":"5.1.16","fr":24,"ip":0,"op":262,"w":960,"h":1080,"nm":"MG_01","ddd":0,"assets":[{"id":"comp_0","layers":[{"ddd":0,"ind":1,"ty":4,"nm":"Shape Layer 1","sr":1,"ks":{"o":{"a":0,"k":100,"ix":11},"r":{"a":0,"k":0,"ix":10},"p":{"a":0,"k":[75,92.131,0],"ix":2},"a":{"a":0,"k":[-69,-71.07,0],"ix":1},"s":{"a":0,"k":[50,50,100],"ix":6}},"ao":0,"shapes":[{"ty":"gr","it":[{"ind":0,"ty":"sh","ix":1,"ks":{"a":0,"k":{"i":[[0,0],[0,0],[0,0],[0,0]],"o":[[0,0],[0,0],[0,0],[0,0]],"v":[[0,-176.874],[108.536,88.437],[0,28.437],[-108.536,88.437]],"c":true},"ix":2},"nm":"Path 1","mn":"ADBE Vector Shape - Group","hd":false},{"ty":"st","c":{"a":0,"k":[0.129411764706,0.01568627451,0.227450980392,1],"ix":3},"o":{"a":0,"k":100,"ix":4},"w":{"a":0,"k":8,"ix":5},"lc":1,"lj":1,"ml":4,"nm":"Stroke 1","mn":"ADBE Vector Graphic - Stroke","hd":false},{"ty":"fl","c":{"a":0,"k":[0.407843137255,0.909803921569,0.749019607843,1],"ix":4},"o":{"a":0,"k":100,"ix":5},"r":1,"nm":"Fill 1","mn":"ADBE Vector Graphic - Fill","hd":false},{"ty":"tr","p":{"a":0,"k":[-69,-58],"ix":2},"a":{"a":0,"k":[0,0],"ix":1},"s":{"a":0,"k":[100,100],"ix":3},"r":{"a":0,"k":0,"ix":6},"o":{"a":0,"k":100,"ix":7},"sk":{"a":0,"k":0,"ix":4},"sa":{"a":0,"k":0,"ix":5},"nm":"Transform"}],"nm":"Polystar 1","np":3,"cix":2,"ix":1,"mn":"ADBE Vector Group","hd":false},{"ty":"rd","nm":"Round Corners 1","r":{"a":0,"k":20,"ix":1,"x":"var $bm_rt;\n$bm_rt = content('Round Corners 1').radius;"},"ix":2,"mn":"ADBE Vector Filter - RC","hd":false}],"ip":0,"op":3845,"st":0,"bm":0}]}],"layers":[{"ddd":0,"ind":1,"ty":0,"nm":"Cursor_01","refId":"comp_0","sr":1,"ks":{"o":{"a":0,"k":100,"ix":11},"r":{"a":1,"k":[{"i":{"x":[0.25],"y":[1]},"o":{"x":[0.75],"y":[0]},"n":["0p25_1_0p75_0"],"t":1,"s":[20],"e":[-13]},{"i":{"x":[0.25],"y":[1]},"o":{"x":[0.75],"y":[0]},"n":["0p25_1_0p75_0"],"t":31,"s":[-13],"e":[-35]},{"i":{"x":[0.25],"y":[1]},"o":{"x":[0.75],"y":[0]},"n":["0p25_1_0p75_0"],"t":61,"s":[-35],"e":[-35]},{"i":{"x":[0.833],"y":[1]},"o":{"x":[0.75],"y":[0]},"n":["0p833_1_0p75_0"],"t":101,"s":[-35],"e":[-25]},{"i":{"x":[0.25],"y":[1]},"o":{"x":[0.167],"y":[0]},"n":["0p25_1_0p167_0"],"t":131,"s":[-25],"e":[-35]},{"i":{"x":[0.25],"y":[1]},"o":{"x":[0.75],"y":[0]},"n":["0p25_1_0p75_0"],"t":200,"s":[-35],"e":[-35]},{"i":{"x":[0.833],"y":[1]},"o":{"x":[0.75],"y":[0]},"n":["0p833_1_0p75_0"],"t":231,"s":[-35],"e":[20]},{"t":259}],"ix":10},"p":{"a":1,"k":[{"i":{"x":0.25,"y":1},"o":{"x":0.75,"y":0},"n":"0p25_1_0p75_0","t":30,"s":[682,670,0],"e":[474,553,0],"to":[0,0,0],"ti":[0,0,0]},{"i":{"x":0.25,"y":1},"o":{"x":0.75,"y":0},"n":"0p25_1_0p75_0","t":60,"s":[474,553,0],"e":[314,553,0],"to":[0,0,0],"ti":[0,0,0]},{"i":{"x":0.25,"y":1},"o":{"x":0.75,"y":0},"n":"0p25_1_0p75_0","t":100,"s":[314,553,0],"e":[350,606,0],"to":[0,0,0],"ti":[0,0,0]},{"i":{"x":0.25,"y":1},"o":{"x":0.75,"y":0},"n":"0p25_1_0p75_0","t":130,"s":[350,606,0],"e":[450,606,0],"to":[0,0,0],"ti":[0,0,0]},{"i":{"x":0.25,"y":1},"o":{"x":0.75,"y":0},"n":"0p25_1_0p75_0","t":170,"s":[450,606,0],"e":[314,553,0],"to":[0,0,0],"ti":[0,0,0]},{"i":{"x":0.25,"y":1},"o":{"x":0.75,"y":0},"n":"0p25_1_0p75_0","t":200,"s":[314,553,0],"e":[474,553,0],"to":[0,0,0],"ti":[0,0,0]},{"i":{"x":0.25,"y":1},"o":{"x":0.75,"y":0},"n":"0p25_1_0p75_0","t":230,"s":[474,553,0],"e":[682,670,0],"to":[0,0,0],"ti":[0,0,0]},{"t":259}],"ix":2},"a":{"a":0,"k":[75,75,0],"ix":1},"s":{"a":0,"k":[100,100,100],"ix":6}},"ao":0,"w":150,"h":150,"ip":0,"op":3845,"st":0,"bm":0},{"ddd":0,"ind":2,"ty":4,"nm":"Key_04","sr":1,"ks":{"o":{"a":0,"k":100,"ix":11},"r":{"a":0,"k":45,"ix":10},"p":{"a":0,"k":[675.352,441.352,0],"ix":2},"a":{"a":0,"k":[-184.648,155.352,0],"ix":1},"s":{"a":0,"k":[100,100,100],"ix":6}},"ao":0,"shapes":[{"ty":"gr","it":[{"ty":"rc","d":1,"s":{"a":0,"k":[20,20],"ix":2},"p":{"a":0,"k":[0,0],"ix":3},"r":{"a":0,"k":0,"ix":4},"nm":"Rectangle Path 1","mn":"ADBE Vector Shape - Rect","hd":false},{"ty":"st","c":{"a":0,"k":[0.129411764706,0.01568627451,0.227450980392,1],"ix":3},"o":{"a":0,"k":100,"ix":4},"w":{"a":0,"k":4,"ix":5},"lc":1,"lj":1,"ml":4,"nm":"Stroke 1","mn":"ADBE Vector Graphic - Stroke","hd":false},{"ty":"fl","c":{"a":0,"k":[0.407843137255,0.909803921569,0.749019607843,1],"ix":4},"o":{"a":0,"k":100,"ix":5},"r":1,"nm":"Fill 1","mn":"ADBE Vector Graphic - Fill","hd":false},{"ty":"tr","p":{"a":0,"k":[-184.648,155.352],"ix":2},"a":{"a":0,"k":[0,0],"ix":1},"s":{"a":0,"k":[100,100],"ix":3},"r":{"a":0,"k":0,"ix":6},"o":{"a":0,"k":100,"ix":7},"sk":{"a":0,"k":0,"ix":4},"sa":{"a":0,"k":0,"ix":5},"nm":"Transform"}],"nm":"Rectangle 1","np":3,"cix":2,"ix":1,"mn":"ADBE Vector Group","hd":false}],"ip":0,"op":3845,"st":0,"bm":0},{"ddd":0,"ind":3,"ty":4,"nm":"Key_03","sr":1,"ks":{"o":{"a":0,"k":100,"ix":11},"r":{"a":0,"k":45,"ix":10},"p":{"a":0,"k":[115.352,441.352,0],"ix":2},"a":{"a":0,"k":[-184.648,155.352,0],"ix":1},"s":{"a":0,"k":[100,100,100],"ix":6}},"ao":0,"shapes":[{"ty":"gr","it":[{"ty":"rc","d":1,"s":{"a":0,"k":[20,20],"ix":2},"p":{"a":0,"k":[0,0],"ix":3},"r":{"a":0,"k":0,"ix":4},"nm":"Rectangle Path 1","mn":"ADBE Vector Shape - Rect","hd":false},{"ty":"st","c":{"a":0,"k":[0.129411764706,0.01568627451,0.227450980392,1],"ix":3},"o":{"a":0,"k":100,"ix":4},"w":{"a":0,"k":4,"ix":5},"lc":1,"lj":1,"ml":4,"nm":"Stroke 1","mn":"ADBE Vector Graphic - Stroke","hd":false},{"ty":"fl","c":{"a":0,"k":[0.407843137255,0.909803921569,0.749019607843,1],"ix":4},"o":{"a":0,"k":100,"ix":5},"r":1,"nm":"Fill 1","mn":"ADBE Vector Graphic - Fill","hd":false},{"ty":"tr","p":{"a":0,"k":[-184.648,155.352],"ix":2},"a":{"a":0,"k":[0,0],"ix":1},"s":{"a":0,"k":[100,100],"ix":3},"r":{"a":0,"k":0,"ix":6},"o":{"a":0,"k":100,"ix":7},"sk":{"a":0,"k":0,"ix":4},"sa":{"a":0,"k":0,"ix":5},"nm":"Transform"}],"nm":"Rectangle 1","np":3,"cix":2,"ix":1,"mn":"ADBE Vector Group","hd":false}],"ip":0,"op":3845,"st":0,"bm":0},{"ddd":0,"ind":4,"ty":4,"nm":"Key_02","sr":1,"ks":{"o":{"a":0,"k":100,"ix":11},"r":{"a":0,"k":45,"ix":10},"p":{"a":0,"k":[815.352,505.352,0],"ix":2},"a":{"a":0,"k":[-184.648,155.352,0],"ix":1},"s":{"a":0,"k":[100,100,100],"ix":6}},"ao":0,"shapes":[{"ty":"gr","it":[{"ty":"rc","d":1,"s":{"a":0,"k":[20,20],"ix":2},"p":{"a":0,"k":[0,0],"ix":3},"r":{"a":0,"k":0,"ix":4},"nm":"Rectangle Path 1","mn":"ADBE Vector Shape - Rect","hd":false},{"ty":"st","c":{"a":0,"k":[0.129411764706,0.01568627451,0.227450980392,1],"ix":3},"o":{"a":0,"k":100,"ix":4},"w":{"a":0,"k":4,"ix":5},"lc":1,"lj":1,"ml":4,"nm":"Stroke 1","mn":"ADBE Vector Graphic - Stroke","hd":false},{"ty":"fl","c":{"a":0,"k":[0.407843137255,0.909803921569,0.749019607843,1],"ix":4},"o":{"a":0,"k":100,"ix":5},"r":1,"nm":"Fill 1","mn":"ADBE Vector Graphic - Fill","hd":false},{"ty":"tr","p":{"a":0,"k":[-184.648,155.352],"ix":2},"a":{"a":0,"k":[0,0],"ix":1},"s":{"a":0,"k":[100,100],"ix":3},"r":{"a":0,"k":0,"ix":6},"o":{"a":0,"k":100,"ix":7},"sk":{"a":0,"k":0,"ix":4},"sa":{"a":0,"k":0,"ix":5},"nm":"Transform"}],"nm":"Rectangle 1","np":3,"cix":2,"ix":1,"mn":"ADBE Vector Group","hd":false}],"ip":0,"op":3845,"st":0,"bm":0},{"ddd":0,"ind":5,"ty":4,"nm":"Key_01","sr":1,"ks":{"o":{"a":0,"k":100,"ix":11},"r":{"a":0,"k":45,"ix":10},"p":{"a":1,"k":[{"i":{"x":0.25,"y":1},"o":{"x":0.75,"y":0},"n":"0p25_1_0p75_0","t":60,"s":[435.352,505.352,0],"e":[275.352,505.352,0],"to":[0,0,0],"ti":[0,0,0]},{"i":{"x":0.25,"y":0.25},"o":{"x":0.167,"y":0.167},"n":"0p25_0p25_0p167_0p167","t":100,"s":[275.352,505.352,0],"e":[275.352,505.352,0],"to":[0,0,0],"ti":[0,0,0]},{"i":{"x":0.25,"y":1},"o":{"x":0.75,"y":0},"n":"0p25_1_0p75_0","t":200,"s":[275.352,505.352,0],"e":[435.352,505.352,0],"to":[0,0,0],"ti":[0,0,0]},{"t":230}],"ix":2},"a":{"a":0,"k":[-184.648,155.352,0],"ix":1},"s":{"a":0,"k":[100,100,100],"ix":6}},"ao":0,"shapes":[{"ty":"gr","it":[{"ty":"rc","d":1,"s":{"a":0,"k":[20,20],"ix":2},"p":{"a":0,"k":[0,0],"ix":3},"r":{"a":0,"k":0,"ix":4},"nm":"Rectangle Path 1","mn":"ADBE Vector Shape - Rect","hd":false},{"ty":"st","c":{"a":0,"k":[0.129411764706,0.01568627451,0.227450980392,1],"ix":3},"o":{"a":0,"k":100,"ix":4},"w":{"a":0,"k":4,"ix":5},"lc":1,"lj":1,"ml":4,"nm":"Stroke 1","mn":"ADBE Vector Graphic - Stroke","hd":false},{"ty":"fl","c":{"a":0,"k":[0.407843137255,0.909803921569,0.749019607843,1],"ix":4},"o":{"a":0,"k":100,"ix":5},"r":1,"nm":"Fill 1","mn":"ADBE Vector Graphic - Fill","hd":false},{"ty":"tr","p":{"a":0,"k":[-184.648,155.352],"ix":2},"a":{"a":0,"k":[0,0],"ix":1},"s":{"a":0,"k":[100,100],"ix":3},"r":{"a":0,"k":0,"ix":6},"o":{"a":0,"k":100,"ix":7},"sk":{"a":0,"k":0,"ix":4},"sa":{"a":0,"k":0,"ix":5},"nm":"Transform"}],"nm":"Rectangle 1","np":3,"cix":2,"ix":1,"mn":"ADBE Vector Group","hd":false}],"ip":0,"op":3845,"st":0,"bm":0},{"ddd":0,"ind":6,"ty":4,"nm":"TL_04","sr":1,"ks":{"o":{"a":0,"k":100,"ix":11},"r":{"a":0,"k":0,"ix":10},"p":{"a":0,"k":[580,632.609,0],"ix":2},"a":{"a":0,"k":[-40.969,-98.391,0],"ix":1},"s":{"a":0,"k":[100,100,100],"ix":6}},"ao":0,"shapes":[{"ty":"gr","it":[{"ty":"rc","d":1,"s":{"a":0,"k":[726.062,50],"ix":2},"p":{"a":0,"k":[0,0],"ix":3},"r":{"a":0,"k":0,"ix":4},"nm":"Rectangle Path 1","mn":"ADBE Vector Shape - Rect","hd":false},{"ty":"st","c":{"a":0,"k":[0.129411764706,0.01568627451,0.227450980392,1],"ix":3},"o":{"a":0,"k":100,"ix":4},"w":{"a":0,"k":4,"ix":5},"lc":1,"lj":1,"ml":4,"nm":"Stroke 1","mn":"ADBE Vector Graphic - Stroke","hd":false},{"ty":"fl","c":{"a":0,"k":[0.350980392157,0.198039215686,0.538235294118,1],"ix":4},"o":{"a":0,"k":100,"ix":5},"r":1,"nm":"Fill 1","mn":"ADBE Vector Graphic - Fill","hd":false},{"ty":"tr","p":{"a":0,"k":[-40.969,-98.391],"ix":2},"a":{"a":0,"k":[0,0],"ix":1},"s":{"a":0,"k":[100,100],"ix":3},"r":{"a":0,"k":0,"ix":6},"o":{"a":0,"k":100,"ix":7},"sk":{"a":0,"k":0,"ix":4},"sa":{"a":0,"k":0,"ix":5},"nm":"Transform"}],"nm":"Rectangle 1","np":3,"cix":2,"ix":1,"mn":"ADBE Vector Group","hd":false}],"ip":0,"op":3845,"st":0,"bm":0},{"ddd":0,"ind":7,"ty":4,"nm":"TL_03","sr":1,"ks":{"o":{"a":0,"k":100,"ix":11},"r":{"a":0,"k":0,"ix":10},"p":{"a":1,"k":[{"i":{"x":0.25,"y":1},"o":{"x":0.75,"y":0},"n":"0p25_1_0p75_0","t":130,"s":[375,568.943,0],"e":[475,568.943,0],"to":[0,0,0],"ti":[0,0,0]},{"i":{"x":0.25,"y":0.25},"o":{"x":0.75,"y":0.75},"n":"0p25_0p25_0p75_0p75","t":170,"s":[475,568.943,0],"e":[475,568.943,0],"to":[0,0,0],"ti":[0,0,0]},{"i":{"x":0.25,"y":1},"o":{"x":0.75,"y":0},"n":"0p25_1_0p75_0","t":200,"s":[475,568.943,0],"e":[375,568.943,0],"to":[0,0,0],"ti":[0,0,0]},{"t":240}],"ix":2},"a":{"a":0,"k":[-40.969,-98.391,0],"ix":1},"s":{"a":0,"k":[100,100,100],"ix":6}},"ao":0,"shapes":[{"ty":"gr","it":[{"ty":"rc","d":1,"s":{"a":0,"k":[726.062,50],"ix":2},"p":{"a":0,"k":[0,0],"ix":3},"r":{"a":0,"k":0,"ix":4},"nm":"Rectangle Path 1","mn":"ADBE Vector Shape - Rect","hd":false},{"ty":"st","c":{"a":0,"k":[0.129411764706,0.01568627451,0.227450980392,1],"ix":3},"o":{"a":0,"k":100,"ix":4},"w":{"a":0,"k":4,"ix":5},"lc":1,"lj":1,"ml":4,"nm":"Stroke 1","mn":"ADBE Vector Graphic - Stroke","hd":false},{"ty":"fl","c":{"a":0,"k":[0.350980392157,0.198039215686,0.538235294118,1],"ix":4},"o":{"a":0,"k":100,"ix":5},"r":1,"nm":"Fill 1","mn":"ADBE Vector Graphic - Fill","hd":false},{"ty":"tr","p":{"a":0,"k":[-40.969,-98.391],"ix":2},"a":{"a":0,"k":[0,0],"ix":1},"s":{"a":0,"k":[100,100],"ix":3},"r":{"a":0,"k":0,"ix":6},"o":{"a":0,"k":100,"ix":7},"sk":{"a":0,"k":0,"ix":4},"sa":{"a":0,"k":0,"ix":5},"nm":"Transform"}],"nm":"Rectangle 1","np":3,"cix":2,"ix":1,"mn":"ADBE Vector Group","hd":false}],"ip":0,"op":3845,"st":0,"bm":0},{"ddd":0,"ind":8,"ty":4,"nm":"TL_02","sr":1,"ks":{"o":{"a":0,"k":100,"ix":11},"r":{"a":0,"k":0,"ix":10},"p":{"a":0,"k":[580,505.276,0],"ix":2},"a":{"a":0,"k":[-40.969,-98.391,0],"ix":1},"s":{"a":0,"k":[100,100,100],"ix":6}},"ao":0,"shapes":[{"ty":"gr","it":[{"ty":"rc","d":1,"s":{"a":0,"k":[726.062,50],"ix":2},"p":{"a":0,"k":[0,0],"ix":3},"r":{"a":0,"k":0,"ix":4},"nm":"Rectangle Path 1","mn":"ADBE Vector Shape - Rect","hd":false},{"ty":"st","c":{"a":0,"k":[0.129411764706,0.01568627451,0.227450980392,1],"ix":3},"o":{"a":0,"k":100,"ix":4},"w":{"a":0,"k":4,"ix":5},"lc":1,"lj":1,"ml":4,"nm":"Stroke 1","mn":"ADBE Vector Graphic - Stroke","hd":false},{"ty":"fl","c":{"a":0,"k":[0.350980392157,0.198039215686,0.538235294118,1],"ix":4},"o":{"a":0,"k":100,"ix":5},"r":1,"nm":"Fill 1","mn":"ADBE Vector Graphic - Fill","hd":false},{"ty":"tr","p":{"a":0,"k":[-40.969,-98.391],"ix":2},"a":{"a":0,"k":[0,0],"ix":1},"s":{"a":0,"k":[100,100],"ix":3},"r":{"a":0,"k":0,"ix":6},"o":{"a":0,"k":100,"ix":7},"sk":{"a":0,"k":0,"ix":4},"sa":{"a":0,"k":0,"ix":5},"nm":"Transform"}],"nm":"Rectangle 1","np":3,"cix":2,"ix":1,"mn":"ADBE Vector Group","hd":false}],"ip":0,"op":3845,"st":0,"bm":0},{"ddd":0,"ind":9,"ty":4,"nm":"TL_01","sr":1,"ks":{"o":{"a":0,"k":100,"ix":11},"r":{"a":0,"k":0,"ix":10},"p":{"a":0,"k":[375,441.609,0],"ix":2},"a":{"a":0,"k":[-40.969,-98.391,0],"ix":1},"s":{"a":0,"k":[100,100,100],"ix":6}},"ao":0,"shapes":[{"ty":"gr","it":[{"ty":"rc","d":1,"s":{"a":0,"k":[726.062,50],"ix":2},"p":{"a":0,"k":[0,0],"ix":3},"r":{"a":0,"k":0,"ix":4},"nm":"Rectangle Path 1","mn":"ADBE Vector Shape - Rect","hd":false},{"ty":"st","c":{"a":0,"k":[0.129411764706,0.01568627451,0.227450980392,1],"ix":3},"o":{"a":0,"k":100,"ix":4},"w":{"a":0,"k":4,"ix":5},"lc":1,"lj":1,"ml":4,"nm":"Stroke 1","mn":"ADBE Vector Graphic - Stroke","hd":false},{"ty":"fl","c":{"a":0,"k":[0.350980392157,0.198039215686,0.538235294118,1],"ix":4},"o":{"a":0,"k":100,"ix":5},"r":1,"nm":"Fill 1","mn":"ADBE Vector Graphic - Fill","hd":false},{"ty":"tr","p":{"a":0,"k":[-40.969,-98.391],"ix":2},"a":{"a":0,"k":[0,0],"ix":1},"s":{"a":0,"k":[100,100],"ix":3},"r":{"a":0,"k":0,"ix":6},"o":{"a":0,"k":100,"ix":7},"sk":{"a":0,"k":0,"ix":4},"sa":{"a":0,"k":0,"ix":5},"nm":"Transform"}],"nm":"Rectangle 1","np":3,"cix":2,"ix":1,"mn":"ADBE Vector Group","hd":false}],"ip":0,"op":3845,"st":0,"bm":0},{"ddd":0,"ind":10,"ty":4,"nm":"Small_Circle_02","sr":1,"ks":{"o":{"a":0,"k":100,"ix":11},"r":{"a":0,"k":0,"ix":10},"p":{"a":1,"k":[{"i":{"x":0.25,"y":1},"o":{"x":0.75,"y":0},"n":"0p25_1_0p75_0","t":0,"s":[320.352,359.352,0],"e":[239.352,359.352,0],"to":[0,0,0],"ti":[0,0,0]},{"i":{"x":0.25,"y":0.25},"o":{"x":0.167,"y":0.167},"n":"0p25_0p25_0p167_0p167","t":40,"s":[239.352,359.352,0],"e":[239.352,359.352,0],"to":[0,0,0],"ti":[0,0,0]},{"i":{"x":0.25,"y":1},"o":{"x":0.75,"y":0},"n":"0p25_1_0p75_0","t":202,"s":[239.352,359.352,0],"e":[319.352,359.352,0],"to":[0,0,0],"ti":[0,0,0]},{"t":242}],"ix":2},"a":{"a":0,"k":[-184.648,155.352,0],"ix":1},"s":{"a":0,"k":[100,100,100],"ix":6}},"ao":0,"shapes":[{"ty":"gr","it":[{"ty":"rc","d":1,"s":{"a":0,"k":[40,40],"ix":2},"p":{"a":1,"k":[{"i":{"x":0.833,"y":0.833},"o":{"x":0.167,"y":0.167},"n":"0p833_0p833_0p167_0p167","t":215,"s":[0,10],"e":[0,0],"to":[0,0],"ti":[0,0]},{"i":{"x":0.833,"y":0.833},"o":{"x":0.167,"y":0.167},"n":"0p833_0p833_0p167_0p167","t":236.5,"s":[0,0],"e":[0,10],"to":[0,0],"ti":[0,0]},{"t":258}],"ix":3,"x":"var $bm_rt;\n$bm_rt = loopIn('pingpong');"},"r":{"a":0,"k":100,"ix":4,"x":"var $bm_rt;\n$bm_rt = content('Rectangle 1').content('Rectangle Path 1').roundness;"},"nm":"Rectangle Path 1","mn":"ADBE Vector Shape - Rect","hd":false},{"ty":"st","c":{"a":0,"k":[0.129411764706,0.01568627451,0.227450980392,1],"ix":3},"o":{"a":0,"k":100,"ix":4},"w":{"a":0,"k":4,"ix":5},"lc":1,"lj":1,"ml":4,"nm":"Stroke 1","mn":"ADBE Vector Graphic - Stroke","hd":false},{"ty":"fl","c":{"a":0,"k":[0.352941176471,0.2,0.541176470588,1],"ix":4},"o":{"a":0,"k":100,"ix":5},"r":1,"nm":"Fill 1","mn":"ADBE Vector Graphic - Fill","hd":false},{"ty":"tr","p":{"a":0,"k":[-184.648,155.352],"ix":2},"a":{"a":0,"k":[0,0],"ix":1},"s":{"a":0,"k":[100,100],"ix":3},"r":{"a":0,"k":0,"ix":6},"o":{"a":0,"k":100,"ix":7},"sk":{"a":0,"k":0,"ix":4},"sa":{"a":0,"k":0,"ix":5},"nm":"Transform"}],"nm":"Rectangle 1","np":3,"cix":2,"ix":1,"mn":"ADBE Vector Group","hd":false}],"ip":0,"op":3845,"st":0,"bm":0},{"ddd":0,"ind":11,"ty":4,"nm":"Small_Circle_01","sr":1,"ks":{"o":{"a":0,"k":100,"ix":11},"r":{"a":0,"k":0,"ix":10},"p":{"a":1,"k":[{"i":{"x":0.25,"y":1},"o":{"x":0.75,"y":0},"n":"0p25_1_0p75_0","t":9,"s":[769.352,335.352,0],"e":[723.352,335.352,0],"to":[0,0,0],"ti":[0,0,0]},{"i":{"x":0.25,"y":0.25},"o":{"x":0.167,"y":0.167},"n":"0p25_0p25_0p167_0p167","t":42,"s":[723.352,335.352,0],"e":[723.352,335.352,0],"to":[0,0,0],"ti":[0,0,0]},{"i":{"x":0.25,"y":1},"o":{"x":0.75,"y":0},"n":"0p25_1_0p75_0","t":200,"s":[723.352,335.352,0],"e":[769.352,335.352,0],"to":[0,0,0],"ti":[0,0,0]},{"t":233}],"ix":2},"a":{"a":0,"k":[-184.648,155.352,0],"ix":1},"s":{"a":0,"k":[100,100,100],"ix":6}},"ao":0,"shapes":[{"ty":"gr","it":[{"ty":"rc","d":1,"s":{"a":1,"k":[{"i":{"x":[0.25,0.25],"y":[1,1]},"o":{"x":[0.75,0.75],"y":[0,0]},"n":["0p25_1_0p75_0","0p25_1_0p75_0"],"t":20,"s":[60,60],"e":[100,100]},{"i":{"x":[0.25,0.25],"y":[1,1]},"o":{"x":[0.75,0.75],"y":[0,0]},"n":["0p25_1_0p75_0","0p25_1_0p75_0"],"t":50,"s":[100,100],"e":[80,80]},{"t":80}],"ix":2,"x":"var $bm_rt;\n$bm_rt = loopOut('pingpong');"},"p":{"a":1,"k":[{"i":{"x":0.833,"y":0.833},"o":{"x":0.167,"y":0.167},"n":"0p833_0p833_0p167_0p167","t":204,"s":[0,0],"e":[0,-20],"to":[0,0],"ti":[0,0]},{"i":{"x":0.833,"y":0.833},"o":{"x":0.167,"y":0.167},"n":"0p833_0p833_0p167_0p167","t":229.5,"s":[0,-20],"e":[0,0],"to":[0,0],"ti":[0,0]},{"t":255}],"ix":3,"x":"var $bm_rt;\n$bm_rt = loopIn('pingpong');"},"r":{"a":0,"k":100,"ix":4},"nm":"Rectangle Path 1","mn":"ADBE Vector Shape - Rect","hd":false},{"ty":"st","c":{"a":0,"k":[0.129411764706,0.01568627451,0.227450980392,1],"ix":3},"o":{"a":0,"k":100,"ix":4},"w":{"a":0,"k":4,"ix":5},"lc":1,"lj":1,"ml":4,"nm":"Stroke 1","mn":"ADBE Vector Graphic - Stroke","hd":false},{"ty":"fl","c":{"a":0,"k":[0.407843137255,0.909803921569,0.749019607843,1],"ix":4},"o":{"a":0,"k":100,"ix":5},"r":1,"nm":"Fill 1","mn":"ADBE Vector Graphic - Fill","hd":false},{"ty":"tr","p":{"a":0,"k":[-184.648,155.352],"ix":2},"a":{"a":0,"k":[0,0],"ix":1},"s":{"a":0,"k":[100,100],"ix":3},"r":{"a":0,"k":0,"ix":6},"o":{"a":0,"k":100,"ix":7},"sk":{"a":0,"k":0,"ix":4},"sa":{"a":0,"k":0,"ix":5},"nm":"Transform"}],"nm":"Rectangle 1","np":3,"cix":2,"ix":1,"mn":"ADBE Vector Group","hd":false}],"ip":0,"op":3845,"st":0,"bm":0},{"ddd":0,"ind":12,"ty":4,"nm":"Diamond_01","sr":1,"ks":{"o":{"a":0,"k":100,"ix":11},"r":{"a":1,"k":[{"i":{"x":[0.25],"y":[1]},"o":{"x":[0.75],"y":[0]},"n":["0p25_1_0p75_0"],"t":7,"s":[45],"e":[135]},{"i":{"x":[0.25],"y":[1]},"o":{"x":[0.75],"y":[0]},"n":["0p25_1_0p75_0"],"t":37,"s":[135],"e":[45]},{"i":{"x":[0.25],"y":[1]},"o":{"x":[0.75],"y":[0]},"n":["0p25_1_0p75_0"],"t":63,"s":[45],"e":[225]},{"t":103}],"ix":10},"p":{"a":0,"k":[255.352,775.352,0],"ix":2,"x":"var $bm_rt;\nvar x;\nx = mul(Math.sin(mul(time, 2)), 10);\n$bm_rt = [\n    value[0],\n    value[1] + x\n];"},"a":{"a":0,"k":[-184.648,155.352,0],"ix":1},"s":{"a":0,"k":[100,100,100],"ix":6}},"ao":0,"shapes":[{"ty":"gr","it":[{"ty":"rc","d":1,"s":{"a":0,"k":[125,125],"ix":2},"p":{"a":0,"k":[0,0],"ix":3},"r":{"a":0,"k":0,"ix":4},"nm":"Rectangle Path 1","mn":"ADBE Vector Shape - Rect","hd":false},{"ty":"st","c":{"a":0,"k":[0.129411764706,0.01568627451,0.227450980392,1],"ix":3},"o":{"a":0,"k":100,"ix":4},"w":{"a":0,"k":4,"ix":5},"lc":1,"lj":1,"ml":4,"nm":"Stroke 1","mn":"ADBE Vector Graphic - Stroke","hd":false},{"ty":"fl","c":{"a":0,"k":[0.407843137255,0.909803921569,0.749019607843,1],"ix":4},"o":{"a":0,"k":100,"ix":5},"r":1,"nm":"Fill 1","mn":"ADBE Vector Graphic - Fill","hd":false},{"ty":"tr","p":{"a":0,"k":[-184.648,155.352],"ix":2},"a":{"a":0,"k":[0,0],"ix":1},"s":{"a":0,"k":[100,100],"ix":3},"r":{"a":0,"k":0,"ix":6},"o":{"a":0,"k":100,"ix":7},"sk":{"a":0,"k":0,"ix":4},"sa":{"a":0,"k":0,"ix":5},"nm":"Transform"}],"nm":"Rectangle 1","np":3,"cix":2,"ix":1,"mn":"ADBE Vector Group","hd":false}],"ip":0,"op":3845,"st":0,"bm":0},{"ddd":0,"ind":13,"ty":4,"nm":"Circle_01","sr":1,"ks":{"o":{"a":0,"k":100,"ix":11},"r":{"a":0,"k":0,"ix":10},"p":{"a":1,"k":[{"i":{"x":0.25,"y":1},"o":{"x":0.75,"y":0},"n":"0p25_1_0p75_0","t":0,"s":[254.383,568.383,0],"e":[484.383,568.383,0],"to":[0,0,0],"ti":[0,0,0]},{"i":{"x":0.25,"y":0.25},"o":{"x":0.75,"y":0.75},"n":"0p25_0p25_0p75_0p75","t":30,"s":[484.383,568.383,0],"e":[484.383,568.383,0],"to":[0,0,0],"ti":[0,0,0]},{"i":{"x":0.25,"y":1},"o":{"x":0.75,"y":0},"n":"0p25_1_0p75_0","t":236,"s":[484.383,568.383,0],"e":[254.383,568.383,0],"to":[0,0,0],"ti":[0,0,0]},{"t":266}],"ix":2},"a":{"a":0,"k":[4.383,28.383,0],"ix":1},"s":{"a":1,"k":[{"i":{"x":[0.25,0.25,0.25],"y":[1,1,1]},"o":{"x":[0.75,0.75,0.75],"y":[0,0,0]},"n":["0p25_1_0p75_0","0p25_1_0p75_0","0p25_1_0p75_0"],"t":20,"s":[50,50,100],"e":[100,100,100]},{"i":{"x":[0.25,0.25,0.25],"y":[1,1,1]},"o":{"x":[0.167,0.167,0.167],"y":[0,0,0]},"n":["0p25_1_0p167_0","0p25_1_0p167_0","0p25_1_0p167_0"],"t":60,"s":[100,100,100],"e":[100,100,100]},{"i":{"x":[0.25,0.25,0.25],"y":[1,1,1]},"o":{"x":[0.75,0.75,0.75],"y":[0,0,0]},"n":["0p25_1_0p75_0","0p25_1_0p75_0","0p25_1_0p75_0"],"t":196,"s":[100,100,100],"e":[50,50,100]},{"t":236}],"ix":6}},"ao":0,"shapes":[{"ty":"gr","it":[{"d":1,"ty":"el","s":{"a":0,"k":[640.766,640.766],"ix":2},"p":{"a":0,"k":[0,0],"ix":3},"nm":"Ellipse Path 1","mn":"ADBE Vector Shape - Ellipse","hd":false},{"ty":"st","c":{"a":0,"k":[0.129411764706,0.01568627451,0.227450980392,1],"ix":3},"o":{"a":0,"k":100,"ix":4},"w":{"a":0,"k":4,"ix":5},"lc":1,"lj":1,"ml":4,"nm":"Stroke 1","mn":"ADBE Vector Graphic - Stroke","hd":false},{"ty":"fl","c":{"a":0,"k":[1,0.180392161012,0.392156869173,1],"ix":4},"o":{"a":0,"k":100,"ix":5},"r":1,"nm":"Fill 1","mn":"ADBE Vector Graphic - Fill","hd":false},{"ty":"tr","p":{"a":0,"k":[4.383,28.383],"ix":2},"a":{"a":0,"k":[0,0],"ix":1},"s":{"a":0,"k":[100,100],"ix":3},"r":{"a":0,"k":0,"ix":6},"o":{"a":0,"k":100,"ix":7},"sk":{"a":0,"k":0,"ix":4},"sa":{"a":0,"k":0,"ix":5},"nm":"Transform"}],"nm":"Ellipse 1","np":3,"cix":2,"ix":1,"mn":"ADBE Vector Group","hd":false}],"ip":0,"op":3845,"st":0,"bm":0}],"markers":[]}
